<?xml version="1.0" encoding="UTF-8"?>
<article id="design">
  <properties>
    <title>Understanding the library</title>
  </properties>

  <body>
    <section>
      <title>LookAndFeelAddons - Pluggable UIs for the new components</title>
      <p>
        All reusable components of the library are implemented
        following the Swing guidelines. Each component has its
        pluggable UI (ComponentUI). The UI provides the look and the
        feel for the component.
      </p>
    </section>
  </body>
</article>
