<assembly>
<id>bin</id>
<formats>
<format>zip</format>
</formats>
<fileSets>
<fileSet>
<directory>.</directory>
<outputDirectory></outputDirectory>
<includes>
<include>LICENSE.txt</include>
<include>README.txt</include>
</includes>
</fileSet>
<fileSet>
<directory>maven/buttonbar/target</directory>
<outputDirectory>lib</outputDirectory>
<includes>
<include>*.jar</include>
</includes>
</fileSet>
<fileSet>
<directory>maven/buttonbar/target/filteredsrc</directory>
<outputDirectory>src</outputDirectory>
<includes>
<include>**</include>
</includes>
</fileSet>
<fileSet>
<directory>src/java/buttonbar</directory>
<outputDirectory>src</outputDirectory>
<includes>
<include>**/*.gif</include>
<include>**/*.jpg</include>
<include>**/*.properties</include>
<include>**/*.png</include>
</includes>
</fileSet>
<fileSet>
<directory>maven/directorychooser/target</directory>
<outputDirectory>lib</outputDirectory>
<includes>
<include>*.jar</include>
</includes>
</fileSet>
<fileSet>
<directory>maven/directorychooser/target/filteredsrc</directory>
<outputDirectory>src</outputDirectory>
<includes>
<include>**</include>
</includes>
</fileSet>
<fileSet>
<directory>src/java/directorychooser</directory>
<outputDirectory>src</outputDirectory>
<includes>
<include>**/*.gif</include>
<include>**/*.jpg</include>
<include>**/*.properties</include>
<include>**/*.png</include>
</includes>
</fileSet>
<fileSet>
<directory>maven/fontchooser/target</directory>
<outputDirectory>lib</outputDirectory>
<includes>
<include>*.jar</include>
</includes>
</fileSet>
<fileSet>
<directory>maven/fontchooser/target/filteredsrc</directory>
<outputDirectory>src</outputDirectory>
<includes>
<include>**</include>
</includes>
</fileSet>
<fileSet>
<directory>src/java/fontchooser</directory>
<outputDirectory>src</outputDirectory>
<includes>
<include>**/*.gif</include>
<include>**/*.jpg</include>
<include>**/*.properties</include>
<include>**/*.png</include>
</includes>
</fileSet>
<fileSet>
<directory>maven/outlookbar/target</directory>
<outputDirectory>lib</outputDirectory>
<includes>
<include>*.jar</include>
</includes>
</fileSet>
<fileSet>
<directory>maven/outlookbar/target/filteredsrc</directory>
<outputDirectory>src</outputDirectory>
<includes>
<include>**</include>
</includes>
</fileSet>
<fileSet>
<directory>src/java/outlookbar</directory>
<outputDirectory>src</outputDirectory>
<includes>
<include>**/*.gif</include>
<include>**/*.jpg</include>
<include>**/*.properties</include>
<include>**/*.png</include>
</includes>
</fileSet>
<fileSet>
<directory>maven/shared/target</directory>
<outputDirectory>lib</outputDirectory>
<includes>
<include>*.jar</include>
</includes>
</fileSet>
<fileSet>
<directory>maven/shared/target/filteredsrc</directory>
<outputDirectory>src</outputDirectory>
<includes>
<include>**</include>
</includes>
</fileSet>
<fileSet>
<directory>src/java/shared</directory>
<outputDirectory>src</outputDirectory>
<includes>
<include>**/*.gif</include>
<include>**/*.jpg</include>
<include>**/*.properties</include>
<include>**/*.png</include>
</includes>
</fileSet>
<fileSet>
<directory>maven/sheet/target</directory>
<outputDirectory>lib</outputDirectory>
<includes>
<include>*.jar</include>
</includes>
</fileSet>
<fileSet>
<directory>maven/sheet/target/filteredsrc</directory>
<outputDirectory>src</outputDirectory>
<includes>
<include>**</include>
</includes>
</fileSet>
<fileSet>
<directory>src/java/sheet</directory>
<outputDirectory>src</outputDirectory>
<includes>
<include>**/*.gif</include>
<include>**/*.jpg</include>
<include>**/*.properties</include>
<include>**/*.png</include>
</includes>
</fileSet>
<fileSet>
<directory>maven/tasks/target</directory>
<outputDirectory>lib</outputDirectory>
<includes>
<include>*.jar</include>
</includes>
</fileSet>
<fileSet>
<directory>maven/tasks/target/filteredsrc</directory>
<outputDirectory>src</outputDirectory>
<includes>
<include>**</include>
</includes>
</fileSet>
<fileSet>
<directory>src/java/tasks</directory>
<outputDirectory>src</outputDirectory>
<includes>
<include>**/*.gif</include>
<include>**/*.jpg</include>
<include>**/*.properties</include>
<include>**/*.png</include>
</includes>
</fileSet>
<fileSet>
<directory>maven/totd/target</directory>
<outputDirectory>lib</outputDirectory>
<includes>
<include>*.jar</include>
</includes>
</fileSet>
<fileSet>
<directory>maven/totd/target/filteredsrc</directory>
<outputDirectory>src</outputDirectory>
<includes>
<include>**</include>
</includes>
</fileSet>
<fileSet>
<directory>src/java/totd</directory>
<outputDirectory>src</outputDirectory>
<includes>
<include>**/*.gif</include>
<include>**/*.jpg</include>
<include>**/*.properties</include>
<include>**/*.png</include>
</includes>
</fileSet>
<fileSet>
<directory>maven/springrcp/target</directory>
<outputDirectory>lib</outputDirectory>
<includes>
<include>*.jar</include>
</includes>
</fileSet>
<fileSet>
<directory>maven/springrcp/target/filteredsrc</directory>
<outputDirectory>src</outputDirectory>
<includes>
<include>**</include>
</includes>
</fileSet>
<fileSet>
<directory>src/java/springrcp</directory>
<outputDirectory>src</outputDirectory>
<includes>
<include>**/*.gif</include>
<include>**/*.jpg</include>
<include>**/*.properties</include>
<include>**/*.png</include>
</includes>
</fileSet>
</fileSets>
</assembly>
